{"cameraMode":{"drawMode":0,"name":"Shaded","section":"Shading Mode"},"sceneLighting":false,"audioPlay":false,"sceneViewState":{"m_AlwaysRefresh":false,"showFog":true,"showSkybox":false,"showFlares":true,"showImageEffects":true,"showParticleSystems":true,"showVisualEffectGraphs":true,"m_FxEnabled":true},"in2DMode":false,"pivot":{"x":-5.4544782638549809,"y":-9.221516609191895,"z":336.2249755859375},"rotation":{"x":0.33423253893852236,"y":0.0013947675470262766,"z":-0.0005392719758674502,"w":0.9424272179603577},"size":6.180462837219238,"orthographic":false}