{"cameraMode":{"drawMode":0,"name":"Shaded","section":"Shading Mode"},"sceneLighting":true,"audioPlay":false,"sceneViewState":{"m_AlwaysRefresh":false,"showFog":true,"showSkybox":true,"showFlares":true,"showImageEffects":true,"showParticleSystems":true,"showVisualEffectGraphs":true,"m_FxEnabled":true},"in2DMode":false,"pivot":{"x":-4.043063163757324,"y":0.3319411277770996,"z":3.445016860961914},"rotation":{"x":-0.11912929266691208,"y":0.11792661994695664,"z":-0.014285021461546421,"w":-0.9854523539543152},"size":12.33629322052002,"orthographic":false}